{
  "system_name": "naive_rag",
  "num_queries": 338,
  "num_valid_queries": 37,
  "precision_at_k": {
    "1": 0.4864864864864865,
    "3": 0.2972972972972973,
    "5": 0.2108108108108109,
    "10": 0.11351351351351355
  },
  "recall_at_k": {
    "1": 0.22072072072072071,
    "3": 0.40990990990991,
    "5": 0.47747747747747743,
    "10": 0.5135135135135134
  },
  "f1_at_k": {
    "1": 0.3018018018018017,
    "3": 0.3423423423423425,
    "5": 0.2905405405405405,
    "10": 0.185031185031185
  },
  "mrr": 0.5666988416988417,
  "ndcg_at_k": {
    "1": 0.4864864864864865,
    "3": 0.42397913875873544,
    "5": 0.4597688693979146,
    "10": 0.4747481948901672
  },
  "avg_rouge_l": 0.0008770423213743964,
  "avg_context_tokens": 331.1508875739645,
  "avg_latency_ms": 41.89198252662725,
  "by_question_type": {
    "comparison_query": {
      "n": 21,
      "mrr": 0.7508503401360545,
      "recall_at_5": 0.634920634920635,
      "avg_tokens": 372.5238095238095
    },
    "inference_query": {
      "n": 6,
      "mrr": 0.5833333333333334,
      "recall_at_5": 0.38888888888888884,
      "avg_tokens": 323.8333333333333
    },
    "temporal_query": {
      "n": 10,
      "mrr": 0.16999999999999998,
      "recall_at_5": 0.2,
      "avg_tokens": 407.1
    }
  }
}