{
  "system_name": "naive_rag",
  "num_queries": 50,
  "num_valid_queries": 38,
  "precision_at_k": {
    "1": 0.5263157894736842,
    "3": 0.3333333333333333,
    "5": 0.23684210526315794,
    "10": 0.13684210526315788
  },
  "recall_at_k": {
    "1": 0.21052631578947367,
    "3": 0.39035087719298245,
    "5": 0.4583333333333335,
    "10": 0.5263157894736842
  },
  "f1_at_k": {
    "1": 0.2964912280701754,
    "3": 0.35388471177944875,
    "5": 0.30785296574770266,
    "10": 0.21496047811837293
  },
  "mrr": 0.6789786967418546,
  "ndcg_at_k": {
    "1": 0.5263157894736842,
    "3": 0.4287376407725844,
    "5": 0.45500409148922916,
    "10": 0.4867338194994912
  },
  "avg_rouge_l": 0.004249813311784093,
  "avg_context_tokens": 357.32,
  "avg_latency_ms": 274.01871001999984,
  "by_question_type": {
    "temporal_query": {
      "n": 13,
      "mrr": 0.6435897435897436,
      "recall_at_5": 0.5769230769230769,
      "avg_tokens": 374.46153846153845
    },
    "comparison_query": {
      "n": 9,
      "mrr": 0.5879629629629629,
      "recall_at_5": 0.4259259259259259,
      "avg_tokens": 379.6666666666667
    },
    "inference_query": {
      "n": 16,
      "mrr": 0.7589285714285714,
      "recall_at_5": 0.38020833333333337,
      "avg_tokens": 378.0625
    }
  }
}