{
  "system_name": "naive_rag",
  "num_queries": 200,
  "num_valid_queries": 169,
  "precision_at_k": {
    "1": 0.4911242603550296,
    "3": 0.349112426035503,
    "5": 0.2568047337278104,
    "10": 0.1538461538461538
  },
  "recall_at_k": {
    "1": 0.2001972386587771,
    "3": 0.41814595660749493,
    "5": 0.5059171597633136,
    "10": 0.5976331360946745
  },
  "f1_at_k": {
    "1": 0.28047337278106493,
    "3": 0.37418991265145074,
    "5": 0.33558748943364297,
    "10": 0.24196415024817367
  },
  "mrr": 0.6389053254437872,
  "ndcg_at_k": {
    "1": 0.4911242603550296,
    "3": 0.4419795813937118,
    "5": 0.4792063483670927,
    "10": 0.5216096543582176
  },
  "avg_rouge_l": 0.0038788965691666255,
  "avg_context_tokens": 385.135,
  "avg_latency_ms": 70.63180208499992,
  "by_question_type": {
    "temporal_query": {
      "n": 53,
      "mrr": 0.5795822102425876,
      "recall_at_5": 0.5251572327044025,
      "avg_tokens": 390.6981132075472
    },
    "comparison_query": {
      "n": 57,
      "mrr": 0.7143483709273182,
      "recall_at_5": 0.6520467836257311,
      "avg_tokens": 373.49122807017545
    },
    "inference_query": {
      "n": 59,
      "mrr": 0.6193099273607747,
      "recall_at_5": 0.34745762711864403,
      "avg_tokens": 415.1525423728813
    }
  }
}